Term,Frequency
Senate,1
Gary,1
Ferdinand,1
Rio,1
Aren't,1
@liverpoolgod9,1
op,1
Neville,1
spin,1
@TheAthletic,1
@FootballlForAll,1
@TacticalReds_,1
@GreaseSZNN,1
@AinsleyEra,1
@VintageLanzini,1
Tagging,1
@dyllanburrows1,1
Penchester,1
Naaaaaa,1
country's,1
brazilian,1
https://t.co/rJ8AmjU5uN,1
10th,1
wars,1
pointless,1
adjust,1
avi,1
deny,1
https://t.co/RCCz7XMofd,1
Forever,1
Yesterday,1
Today,1
@manutd,1
Fati,1
rival,1
@fornalszn,1
@HeavyD247,1
Oliver,1
Tremendous,1
https://t.co/SpkgUdNhy7,1
@thfcholly,1
:(,1
download,1
Kahn,1
intl,1
https://t.co/NSfGQwGEmN,1
red,1
ping,1
hotspot,1
3mbps,1
scams,1
debunk,1
@Camtweets93,1
Makelele,1
1-2-,1
#CopaAmerica,1
@DanThomasESPN,1
@sid_lambert,1
Unfollowing,1
@MohitRohitian,1
https://t.co/Yvgre5uB7r,1
Ruud,1
continued,1
eat,1
freaks,1
shared,1
@TH14Prop,1
running,1
Diamond,1
noticeable,1
rated,1
@Frenkenbauer21,1
slanders,1
@joshola123544,1
https://t.co/WSJRYqsjwb,1
#Oyo,1
#gambolawan,1
#APC,1
https://t.co/xlMu4QNVzJ,1
i'll,1
Lawan,1
consent,1
committee,1
conducted,1
congress,1
APC,1
Oyo,1
Gambo,1
holding,1
reveal,1
hw,1
friction,1
refuse,1
https://t.co/UVWa3YXJtj,1
necessarily,1
@SAMO_10_,1
taya,1
deleting,1
witness,1
https://t.co/Jz5hFuWfwK,1
~,1
Pierre,1
She,1
@Sophonias_,1
https://t.co/3WPnlJ7DxB,1
defo,1
lighter,1
favor,1
whilst,1
thankfully,1
proves,1
Siuuu,1
arrest,1
@frenkie_sznn,1
tuchel,1
votes,1
@_UTD_LUKE,1
https://t.co/YCmrADHz3U,1
While,1
https://t.co/0G1gSMM1lL,1
Years,1
California,1
MLS,1
general,1
bets,1
SkySports,1
naturally,1
intense,1
intensity,1
disagreement,1
failing,1
Facts,1
Whereas,1
contender,1
Valdes,1
Victor,1
Messi-Laporta,1
woukdny,1
https://t.co/3kkNlqsGlo,1
https://t.co/2ROWih24I1,1
misses,1
gifted,1
SIMs,1
rumours,1
slovak,1
UK,1
larger,1
skills,1
controls,1
Intercepts,1
mid,1
#10,1
fouled,1
Classic,1
SFYSL,1
Div,1
2011BoysElite,1
PBG,1
PreAcademy,1
U10,1
10/30,1
Boca,1
placement,1
https://t.co/eKAktQv3WR,1
common,1
characters,1
cultural,1
myths,1
heroes,1
inter,1
circa,1
jersey,1
https://t.co/V50TljwEEL,1
highlights,1
@ProjectFootball,1
https://t.co/jJN2rWKtA1,1
#sport,1
#morocco,1
@OseAtiomo,1
effectiveness,1
Tablis,1
yo,1
placed,1
hence,1
24,1
Voting,1
@TotaILeoMessi,1
@luckyman298,1
5th,1
Ward-prowes,1
kicks,1
technique,1
@ManUtd,1
@UTDphantom,1
@Vega_AAO,1
@MachineMaximin,1
attempts,1
Chessie,1
Y,1
https://t.co/yWSOIca8XH,1
Golazooo,1
#SCTop10,1
loool,1
rivals,1
MUCH,1
Bruno,1
Lmaoo,1
randle,1
gomez,1
marria,1
juat,1
scores,1
europe,1
@golazoargentino,1
@Sabir_Scrip,1
sword,1
brush,1
pencil,1
rights,1
bragging,1
Banter,1
180,1
@433,1
@Ciiistiano,1
bed,1
laputa,1
@talkSPORT,1
@_kobbyfelix,1
Otherwise,1
rely,1
KDBs,1
affect,1
Jon,1
@Nikhil_7_,1
https://t.co/SUU6K9sieW,1
352,1
buying,1
Ended,1
1mbps,1
village,1
Slovakia,1
@GalacticosRtg,1
343,1
countries,1
@SkySportsNews,1
https://t.co/vjCclkakuy,1
rock,1
Living,1
Freerole,1
infront,1
tries,1
ive,1
negotiations,1
vice,1
trashing,1
passion,1
@rarible,1
#nft,1
#digitalasset,1
#nonfungible,1
@NCbarca,1
#ethereum,1
https://t.co/cTxojJZBIE,1
collectible,1
Abstract,1
Line,1
moved,1
belief,1
#rarible,1
aint,1
troll,1
disrespect,1
ffp,1
owing,1
pays,1
won't,1
related,1
https://t.co/wnuuy4Etsa,1
Secretary,1
Technical,1
Like,1
https://t.co/OyRNOXtpCZ,1
https://t.co/fFK6CY8bVy,1
invested,1
France,1
legit,1
ournplayers,1
SIM,1
https://t.co/iIPaJHGqGT,1
grew,1
humans,1
LEWANDOWSKI,1
THAT,1
SAYING,1
WON'T,1
@Bxii_Culer,1
@CFCdamo,1
üòè,1
Bosh,1
Cannavaro,1
Seaman,1
urself,1
public,1
represent,1
@ItsIbro,1
FS,1
bawling,1
@BrijeshRccult,1
darling,1
Bundesliga,1
Secondly,1
#ondo,1
https://t.co/ckZMiQAMHR,1
Ondo,1
nabbed,1
Hi,1
thieves,1
serial,1
Suspected,1
https://t.co/BNXzRSwlRk,1
https://t.co/dgmhBy9ueR,1
disgusting,1
@wooty_wannaz,1
motorcycle,1
Game,1
@yslgonzzz,1
@ManCityKD,1
operatives,1
ESN,1
terrorists,1
criminals,1
killed,1
third,1
IPOB,1
Boot,1
relwx,1
relax,1
13/14,1
11/12,1
https://t.co/uu6Trp72Py,1
caring,1
https://t.co/i7VOx4Cw4l,1
Sigh,1
replies,1
#ESN,1
culer,1
https://t.co/dSFonJgFRV,1
Emerge,1
Details,1
Wants,1
Tells,1
https://t.co/HSvyP7GJV1,1
https://t.co/LHeQz8BVBC,1
ends,1
u0027t,1
#MauricioPochettino,1
#Ligue1,1
#terrorists,1
#IPOB,1
https://t.co/VshhTjoKOu,1
DID,1
annihilate,1
speaking,1
U-turn,1
#Laporta,1
slammed,1
Puyol,1
titles,1
videos,1
https://t.co/rsStnilqhp,1
uploading,1
@619jumper,1
tsek,1
#igbos,1
#HURIWA,1
https://t.co/qiUQBg3okh,1
boils,1
retards,1
Igbos,1
insecure,1
‚¨á,1
2004,1
@10Xain,1
@puispuarez,1
@footballitalia,1
https://t.co/JC2A8q4vQb,1
Vlahovic,1
trigger,1
idolo,1
immigrant,1
francophone,1
@UnaiEmery_,1
@messi30fc,1
no.Messi,1
https://t.co/gjs0MmbWqj,1
üòå,1
killings,1
extrajudicial,1
warns,1
latter,1
regarding,1
https://t.co/2NAMhG9U6S,1
test,1
cheering,1
topper,1
screaming,1
energy,1
inspiring,1
figures,1
historical,1
glamour,1
typical,1
shy,1
https://t.co/GmHh6jfG5V,1
https://t.co/YZtZqQkVRo,1
@PrayagrajiMessi,1
waffling,1
HURIWA,1
https://t.co/lLoKOfgJmR,1
Yawa,1
thank,1
increase,1
add,1
Hope,1
#CBNGovernor,1
#AndyUba,1
https://t.co/qrBoxjxrLX,1
Andy,1
Governor,1
CBN,1
loooool,1
hates,1
@kshitijshah23,1
footballers,1
https://t.co/aRrJG4MeDI,1
consistent,1
electoral,1
stutter,1
@XaviTempo_,1
https://t.co/hR8D4ZXkS6,1
hangs,1
multiple,1
campaigns,1
@Plute93,1
footbl,1
spent,1
disrespecting,1
stan,1
harder,1
scorerd,1
undisputed,1
Next,1
hey,1
@samdoria13,1
abusing,1
realize,1
@RobertonicaI,1
https://t.co/uBQB78oDtn,1
https://t.co/dVS9UAY4ML,1
we'll,1
earlier,1
generation's,1
https://t.co/8ab7nHQUzN,1
elastic,1
plastic,1
boy,1
@Diegojay,1
@victoronaimor,1
Everyday,1
rustle,1
wipe,1
@fansjavimiguel,1
drop,1
wingers,1
https://t.co/ydETMQJg0v,1
üòé,1
Neither,1
92,1
create,1
lmaoo,1
disrespected,1
https://t.co/uqE5F0BH71,1
GWs,1
stinkers,1
Special,1
boss,1
Immature,1
rakuten,1
;,1
AMs,1
@ReshadRahman_,1
@wnnabesocial,1
@fandebarcelone5,1
@nihinone,1
loyalty,1
heartbreaks,1
Call,1
promises,1
superb,1
cz,1
mesi,1
@WarOcean1,1
@PrantoUs,1
@TarHeelNationKP,1
commitment,1
Dude,1
dying,1
bros,1
@wholelottadej,1
@N1noBr0wn,1
https://t.co/aRlf22WmcY,1
Eat,1
receive,1
majestic,1
attempted,1
mercurial,1
iwe,1
Ibvapo,1
üò∞,1
carried,1
happens,1
results,1
Imperial,1
https://t.co/7tPzROLV1U,1
https://t.co/7DdqY6rMLT,1
beats,1
February,1
ways,1
https://t.co/16kC4iu606,1
walk,1
https://t.co/OC9XTrtZLx,1
journo,1
praise,1
selfie,1
üòä,1
Einstein,1
force,1
gaddamn,1
Any,1
supports,1
https://t.co/PlITLH1pGH,1
reading,1
lasted,1
Tears,1
meta,1
P2W,1
gap,1
https://t.co/WjMZVwLScg,1
doctors,1
medical,1
High,1
@ManCity,1
#footballnews,1
hints,1
scarier,1
treated,1
https://t.co/c9EBnHQFZf,1
üçø,1
https://t.co/llhA3rUTdP,1
galaxies,1
Regular,1
ion,1
shred,1
November,1
clapping,1
he'll,1
Instead,1
@Yo_Raj007,1
convinced,1
prez,1
@Cule_Cruyffista,1
@sopaduvas,1
lie,1
@9nininho,1
meet,1
@risingstarJr,1
cam,1
dragged,1
üåπ,1
s5x,1
@Wazardd,1
passed,1
school,1
picked,1
https://t.co/JeSBlvRJJw,1
reunion,1
badly,1
1000,1
connection,1
üò≥,1
23,1
26,1
Free-kicks,1
https://t.co/poFj7UNhtB,1
source,1
https://t.co/UOV8ELISgg,1
Blog,1
@realkwesiessie1,1
not.Messi,1
vIrGiN,1
CrY,1
loosers,1
Anyone,1
nope,1
risky,1
Obviously,1
sounds,1
@Calemberg_,1
https://t.co/FoXtDAume0,1
@BluePlaysGames,1
youngsters.Dont,1
transition,1
beautiful,1
40m,1
https://t.co/9AwNLCtFie,1
Title,1
Betting,1
Aren,1
Nigerian,1
consistency,1
Neymar's,1
29-30,1
Ofcourse,1
https://t.co/LtNjtImr0X,1
@genius_droy,1
@TeamDudu_02,1
@beatsbynav,1
@trevorphilipsgg,1
Afterall,1
tempo,1
bitching,1
defer,1
Newspaper,1
https://t.co/cYxo181LRi,1
Holding,1
largest,1
#times,1
#inplay,1
#betting,1
#sportsbetting,1
#freetips,1
Rob,1
#bets,1
#tips,1
2021-10-,1
Leeds,1
victory,1
Carabao,1
emulated,1
#tipster,1
Mauricio,1
https://t.co/3ho3U0PveA,1
@AbsoluteChelsea,1
@KshitijCule,1
https://t.co/U7tyCAcA1F,1
finisher,1
abit,1
speed,1
turbo,1
@CFCMod_,1
Purely,1
fields,1
ins,1
dived,1
vargentina,1
poo,1
camp,1
pionel,1
From,1
kaka,1
casillas,1
@Hass_JVO,1
@Qasim_Mufc,1
@_Osman_10,1
https://t.co/znsjZpzRNI,1
pic,1
https://t.co/ysAW2TTKYB,1
kross,1
registering,1
tactical,1
tevez,1
robben,1
ribery,1
Rooney,1
lampard,1
express,1
conquered,1
business,1
dudes,1
Obasanjo,1
cleaning,1
hh,1
triping,1
imposible,1
#senate,1
shoes,1
#JusticeOdili,1
Nov,1
residence,1
Odili,1
Justice,1
invasion,1
swear,1
https://t.co/vZ3yShUEZ5,1
Aso,1
Villa,1
https://t.co/efzwbrK6ZX,1
france,1
share,1
spanish,1
apparently,1
@BurnerRobbie,1
#TalkYourTalk,1
CARRATIO,1
mates,1
near,1
frame,1
freeze,1
#Wizk,1
#UBA,1
#obasanjo,1
#AsoVilla,1
shut,1
giggs,1
https://t.co/nqHWzj25nK,1
droughts,1
Fab,1
spurs,1
medicals,1
Willian,1
e,1
seconds,1
@thenameiskabi10,1
changes,1
Nahh,1
@Utd_Optimist,1
freaking,1
@BG_culer,1
https://t.co/M90lf7WNit,1
sonny,1
Situation,1
Korean,1
1/4,1
registered,1
deadwood,1
train,1
incoming,1
assencio,1
shiticious,1
üëã,1
th,1
version,1
‚Äî,1
@GT_MessiFC,1
√ó,1
sales,1
Grizzy,1
savings,1
African,1
discloses,1
@SkySportsPL,1
We've,1
delivering,1
bone,1
tackles,1
@prfootbaII,1
@Thinley03826911,1
@mhbms10,1
sacking,1
https://t.co/0lEqZO1zGy,1
Mourinho,1
Guardiola,1
relieved,1
Rijkaard,1
pendu,1
reinforcements,1
casting,1
@palkuner,1
late,1
behaving,1
aspect,1
categorised,1
category,1
knock,1
@hamza51621748,1
https://t.co/c8AROfSb7s,1
situations,1
tomorrow,1
Abeg,1
leaders,1
certainly,1
@Bo55jppp,1
@nffcalways1,1
jobless,1
shey,1
returns,1
https://t.co/DRQFw8VLf7,1
https://t.co/iFs9Wbbeo2,1
statistically,1
influenced,1
coaches,1
Nope,1
@Sxne19iv2,1
https://t.co/I8T7HrYuTY,1
Aubameyang,1
@messi_forever_m,1
https://t.co/TyiF5mcgYc,1
finito,1
Uefadrid,1
VOTING,1
Year,1
Germany,1
BD'R,1
putting,1
outscoring,1
83,1
https://t.co/vfDLQgyRa4,1
Simply,1
@mrkipling100579,1
Nothing,1
https://t.co/9UoHPsuswt,1
ü§î,1
younger,1
Explains,1
@RMAera__,1
overprotected,1
Way,1
immense,1
backlash,1
debuted,1
Ratio,1
laugh,1
https://t.co/1vTHslkdjv,1
https://t.co/u2JhjvdAR8,1
tryin,1
@JoanLaportaFCB,1
loyal,1
@Sibis87,1
vamos,1
chain,1
5min,1
burger,1
referring,1
Bigm,1
fashion,1
Stoke,1
rainy,1
answer,1
BigM,1
stressing,1
saying.Stay,1
üíô,1
VARca,1
blud,1
9th,1
@ninad10iii,1
@FCBayernEN,1
@KaizerChiefs_ar,1
future,1
near-ish,1
Tbh,1
@DeadeyeDoucoure,1
bcoz,1
serie,1
dominate,1
@TKSG1O,1
@ashthejuan,1
@PekohJnr,1
helped,1
overrated,1
period,1
mann,1
Levels,1
pest,1
@DestinhoMagic,1
Incredible,1
https://t.co/3FBOUE7UuM,1
fight,1
merchants,1
@Tom92855662,1
@30Ball__,1
paris,1
iffhs,1
captain,1
Pepsi,1
Innit,1
Common,1
mouth,1
field,1
ikr,1
Gotze,1
recognized,1
skillful,1
@ThatsSketchyy,1
key,1
hardwork,1
DM,1
"3,5",1
FUCKIN,1
https://t.co/o6boSkwzq9,1
snake,1
Disgusting,1
https://t.co/wOgOU82YLr,1
AM's,1
pak,1
@3PEPE__,1
https://t.co/fSyhqokGbo,1
sadly,1
apart,1
tear,1
fellow,1
custome,1
soul,1
Pessi,1
OG,1
Donnarumma,1
Marquinhos,1
tactics,1
silverware,1
scared,1
Ole,1
Kimpembe,1
JUV,1
üòÑ,1
@TC38534491,1
Undeniable,1
Answer,1
Congrats,1
stacked,1
Ages,1
eight,1
@cfcsummer,1
hasn't,1
outscore,1
Kane's,1
167,1
55,1
104,1
@Jimmyfrankie_,1
@laruleMayor,1
army,1
losing,1
movies,1
L,1
@ashley___04,1
@kiko91_,1
central,1
CB,1
https://t.co/Ow4zNeuWTk,1
@_Dowells,1
generalization,1
@fifbro11,1
@evv821,1
@fcbsuhan,1
https://t.co/fBXVizR3N6,1
mony,1
Messi.What,1
@VivaEnrique_,1
ALL,1
Ghana,1
14/15,1
https://t.co/B9k82kU608,1
@guy_cookiee,1
https://t.co/FESjHYmSJD,1
2/4,1
Majority,1
Neuer,1
Teams,1
Goalkeeper,1
History,1
Midfielder,1
Attacker,1
65,1
66,1
131,1
Maldini,1
inntil,1
child,1
destroydING,1
Greenwood,1
Enrique,1
@LiamRNumeroUno,1
loving,1
slapped,1
comparable,1
Liar,1
What's,1
WORLDS,1
BY,1
INSPIRED,1
CHARACTER,1
HAWKS,1
üò°,1
COLLIDING,1
Fan,1
tax,1
https://t.co/4HCegRlOn5,1
boikoted,1
VM,1
@Kule57780097,1
subject,1
changing,1
kicked,1
managed,1
Simple.He,1
Must,1
seat,1
elections,1
especially,1
fwd,1
bn,1
@MessiAgenda,1
@Utd_Luckzy,1
clasico,1
loss,1
Anfield,1
CRYS,1
FREE,1
PLAY,1
ME,1
ASKED,1
ONE,1
https://t.co/HdxLnRb0Ye,1
dialiked,1
boyfriend,1
Defending,1
@norrisxricc,1
@Abhishek_Utd31,1
masia,1
fabregas,1
throughout,1
cesc,1
reduce,1
https://t.co/j8BilaVyeb,1
suited,1
Boss,1
Hugo,1
music,1
instrumental,1
baller,1
desire,1
announcement,1
brilliant,1
progresion,1
playmake,1
definition,1
pal,1
@khwaar_pukhtoon,1
@komelodySA1,1
pique's,1
shares,1
cool,1
accepting,1
https://t.co/tKxtsSsYgA,1
#COYS,1
#THFC,1
SIIIIUUUUU,1
salute,1
responsibility,1
ambition,1
#fcextratime,1
centred,1
Messi.Does,1
safe,1
https://t.co/DmosvLcmeP,1
‚ôÄ,1
brought,1
generates,1
doubts,1
@AbemSeifu,1
@GamerAvik,1
police,1
DSS,1
dialing,1
Rinaldo,1
https://t.co/R6d7dHiV4x,1
perez's,1
SAF,1
outta,1
apparantly,1
tips,1
Keita,1
Seydou,1
https://t.co/J3KF8JZGxf,1
proof,1
stepping,1
54,1
drone,1
panning,1
@aryesh_10,1
choose,1
amongst,1
Noooo,1
ultimately,1
chasing,1
irritating,1
Could,1
Worth,1
@crcrcrcrg,1
@Mohamed90830869,1
@MxqDee,1
@Jhonny97171389,1
above,1
noting,1
7-8,1
sack,1
https://t.co/tF1EAo8yCr,1
footy,1
original,1
@EvertonNewsFeed,1
Thing,1
rapistiano,1
shitting,1
https://t.co/I0YVCpbxJp,1
Ur,1
Bts,1
eyes,1
Ballin,1
presses,1
rarely,1
press,1
Penaldog,1
to.the,1
all.go,1
Brooo,1
¬´,1
Wind,1
Long,1
Want,1
fled,1
6.10,1
¬ª,1
Vampirez,1
leaked,1
tracklist,1
Pessi's,1
Pionel,1
background,1
cockerel,1
Elche,1
https://t.co/LH1BxHY1UR,1
taught,1
@RespiratoryDafe,1
https://t.co/ROwXzHR6jk,1
explanatory,1
https://t.co/9dJa1MzBd7,1
innocent,1
https://t.co/9haspfe9yY,1
8.2,1
https://t.co/wSzIefRZl2,1
crumbling,1
mckennie,1
bentancur,1
defensive,1
wouldve,1
juventus,1
Doesn,1
@_camaza,1
footage,1
replacing,1
51,1
unfair,1
roof,1
confidence,1
jump,1
Jong,1
Luuk,1
lovely,1
Annnnndddddddddddd,1
sends,1
tryna,1
uhh,1
draft,1
Fred,1
@Rickth21,1
https://t.co/jBqYz0oWX8,1
defence,1
cars,1
repeat,1
Mariano,1
reject,1
Perez,1
@Madridfooty,1
@Zak20B,1
https://t.co/i48plcPGEY,1
ca,1
broken,1
@Ansu_Time,1
Claiming,1
https://t.co/GXLovSsLQI,1
https://t.co/kY0wqAvYej,1
settles,1
@Iightning_angel,1
Diaz,1
gather,1
dumped,1
MBappe,1
Given,1
crosses,1
Retweet,1
Link,1
strap,1
Leather,1
chronograph,1
TL,1
battery,1
Philippe,1
Patek,1
Mechanical,1
regularly,1
switch,1
2-2,1
35k,1
nailed,1
Bolt,1
https://t.co/94vwGAbawT,1
mess,1
@Kev_COYS_,1
@SpursJB,1
https://t.co/sSHDGyVDkI,1
freee,1
profit,1
Jazzy,1
80k,1
baited,1
exists,1
Worst,1
counter,1
alot,1
https://t.co/2kVMvz44ec,1
sbc,1
hatrick,1
442,1
wid,1
Wizard,1
@CryptoWizardd,1
Bruyne,1
ans,1
https://t.co/n3Edm4XxWf,1
comp,1
crypto,1
Harry,1
@bellapoarch,1
@AdityaSwamy8,1
https://t.co/F63L7y48si,1
taller,1
Swedish,1
Memphis,1
Wow,1
expectations,1
sneakily,1
üòë,1
. ..,1
Germain,1
St,1
Six-time,1
7378280,1
Star,1
wished,1
Express,1
TOP,1
EVEN,1
exposed,1
accountability,1
transparency,1
@Ezalia21,1
https://t.co/7s7OVQGyPl,1
bound,1
reactionary,1
extra,1
https://t.co/eZxKHWcSXi,1
vision,1
Suggests,1
depend,1
gassing,1
@Bayernmode,1
@NotShehryarThfc,1
@JuanDeag182,1
Plenty,1
undermine,1
2008,1
prefer,1
suits,1
martinez,1
@Pruthvi44922707,1
42m,1
footed,1
underhits,1
particularly,1
ours,1
fanbases,1
@RocksonAmpofo,1
Habibi,1
@By20Made,1
@MobBarley102,1
https://t.co/NxKRJ5ep7u,1
China,1
Boots,1
Hanging,1
Keen,1
Celso,1
Lo,1
tackle,1
playmakers,1
#TrendsSpy,1
operate,1
Shevchenko,1
#LewandowskiBallonDor,1
t.co/4Q7eC2sqUn,1
:/,1
club.https,1
https://t.co/ckEIhtWDez,1
https://t.co/NBBvVQpQ9j,1
@JolaOluDare,1
Post,1
LaLiga,1
simple,1
@UsainDaviesX,1
artists,1
cuh,1
generational,1
clears,1
@CrypticNoHoes,1
@JakeMa0,1
@Al_aminWizkidFc,1
Bodied,1
https://t.co/QP7h9iaT8c,1
D'Or,1
Seventh,1
Achieving,1
Somehow,1
@Thefrogkilller,1
pessi,1
https://t.co/qILROMeUSI,1
yours,1
shithole,1
arauojo,1
Wizkid-Messi,1
bull-shit,1
Messis,1
winger,1
@chiefteefsosa,1
@Ligue1UberEats,1
invite,1
Acting,1
RW,1
https://t.co/qQ5rRntSxA,1
https://t.co/HsQYDIODGc,1
ALREADY,1
WE,1
revealing,1
bells,1
alarm,1
sets,1
draw,1
qualify,1
hero,1
ringing,1
Futur,1
CLEAR,1
@ArjidB,1
@a_kalimuendo,1
@RCLens,1
https://t.co/Fqs2djNDpi,1
Ballon'Dor,1
Andres,1
rugby,1
https://t.co/J79knoZ6UL,1
Idek,1
myth,1
@AnakinsDarkDeed,1
@Khalafenio,1
failed,1
dissapointing,1
@FDJChief,1
@drinkingtearsg_,1
https://t.co/hvsXEUQ8OA,1
@uberrmensch,1
https://t.co/Gfav77UAwT,1
@BayernRohan,1
@GabrielSava9,1
ü§®,1
@theflugame1,1
https://t.co/SLL6s9z4H2,1
carryjob,1
Brady,1
2018-19,1
penalty,1
controversial,1
barca's,1
@fcb_venom,1
@6Xavique3,1
@roqo420,1
Milan,1
https://t.co/OsUbhhCprK,1
@PepsiEra,1
flank,1
Trezeguet,1
Terry,1
Baggio,1
missed,1
75,1
InStat,1
spreading,1
merit,1
popularity,1
WILL,1
bookmark,1
Wasted,1
FANS,1
MUMU,1
contest,1
BACK,1
COME,1
LITERALLY,1
üôÇ,1
Willy,1
son,1
Go,1
Presenter,1
CF,1
https://t.co/qQyUSOE434,1
Karim,1
üáÆ,1
Munich,1
üá±,1
journalist,1
Argenitinian,1
LEAKED,1
Saint-German,1
cups,1
Morgan,1
Megan,1
https://t.co/drpVjj6fDy,1
99.9,1
Loading,1
PSG'S,1
https://t.co/sCyyZjwcRV,1
shortlist,1
men's,1
neutralize,1
strengths,1
https://t.co/CP0pGnPUGO,1
Mail,1
Malay,1
200M,1
rejected,1
dreaming,1
https://t.co/VSSjLiUKPX,1
halved,1
https://t.co/xitIUDI5YG,1
book,1
LEO,1
hm,1
suffer,1
@_NiiOkai,1
highest,1
Growing,1
poacher,1
#palmoil,1
https://t.co/ncS30kXp4Q,1
Merchant,1
sought-after,1
globally,1
oil,1
palm,1
#Business,1
https://t.co/aZb9h7XrJq,1
turning,1
passenger,1
@hdreformedv2,1
Y'all,1
https://t.co/2UxYYumxvs,1
Baphomet,1
secretly,1
thumbnail,1
generous,1
imagery,1
tuned,1
System,1
https://t.co/xEZ4SW4hqX,1
puzzled,1
Where's,1
everybody,1
literal,1
Bustybusquets,1
Enter,1
UEFA,1
Barca's,1
https://t.co/A59xIMXwCo,1
@Mbappeuxx,1
@m0tt0m0tt0,1
üíì,1
ending,1
https://t.co/pnZjaGw8qs,1
LIKE,1
forwards,1
becuz,1
0.5,1
ration,1
replicate,1
2006,1
BARCA,1
Final,1
weren,1
Barjuan,1
tickets,1
#UCLFeeling,1
Seasons,1
Celebrate,1
@leedsinfidel,1
bruno,1
Ansu,1
pens,1
@anjcksas,1
@Nasko_1926,1
https://t.co/BPFUwUFjXZ,1
clash,1
Kyiv,1
Dynamo,1
context,1
genius,1
il,1
bdo,1
Amorim,1
Potter,1
@smeecol,1
@jasonsimmsUK,1
screwed,1
rich,1
Rogers,1
organizations,1
wouldnt,1
rules,1
explaining,1
Marcotti,1
Gab,1
Lowe,1
ridiculous,1
Sid,1
reluctantly,1
chap,1
madfut,1
hazard,1
Basketball,1
independence,1
Catalan,1
pals,1
Ajax,1
Spanish,1
@LEBRONJAMES_HWA,1
XD,1
@mhassanreal,1
sleep,1
Feel,1
assuming,1
Valverde,1
https://t.co/a7GZ5guNhu,1
28th,1
Dunking,1
10:01,1
tonight,1
broadcasting,1
TV,1
Breaking,1
https://t.co/ReSd51IIqM,1
commercial,1
coexist,1
brazil,1
https://t.co/eEvtwDtHC8,1
https://t.co/YGvJACuDRs,1
skill,1
believes,1
credit,1
included,1
https://t.co/Qnf0Ybk5L8,1
üáß,1
https://t.co/UPsxhudalk,1
@IniestaVision,1
@hadheyhemor,1
https://t.co/4DIjyQ6LwJ,1
ma-is-y,1
@Matt_Jones_1986,1
@WillPritchardG7,1
wall,1
Dudes,1
https://t.co/BBWGVxssAC,1
children,1
message,1
try,1
decided,1
SPORT,1
@todayng,1
icons,1
write,1
https://t.co/yuFn7i4UXk,1
Queen,1
DD,1
admitted,1
@ghosh_football,1
@BledFN,1
@ahanyourdaddy,1
https://t.co/QO35tcPYXs,1
@crisrxno,1
atrocious,1
terrible,1
beyond,1
Language,1
SHIT,1
BCN,1
https://t.co/AxZASpy9f6,1
Weather,1
detected,1
@Goforleroy,1
ors,1
delivery,1
lyon,1
diaz,1
mariano,1
@Messinomics,1
https://t.co/cGfzbBYBzo,1
Wich,1
Dick,1
@BlaugranaMusab,1
pr,1
Weird,1
Ribery,1
2010,1
rob,1
Destroy,1
milestone,1
@RTEsport,1
eyeing,1
Different,1
Exams,1
Due,1
Tommorow,1
Day,1
PROGRESS,1
#LEO,1
WORK,1
lmfao,1
triumph,1
dollar,1
milked,1
doin,1
abt,1
https://t.co/r3ThnElNJd,1
https://t.co/59XDnecnHx,1
#vector,1
@iam6iiix,1
https://t.co/Wmc3sSrP3R,1
d'Ors,1
https://t.co/cmkFtTLJRO,1
mixed,1
images,1
maker,1
https://t.co/KeRhrWJFoO,1
meme,1
@ledgerstatus,1
@debaas,1
https://t.co/FCWS9h2spp,1
contribution,1
ZERO,1
Meanwhile,1
ct,1
ULTIMATE,1
https://t.co/j1s4G0JDnz,1
intentionally,1
Making,1
backyard,1
playin,1
@pancakks,1
G2,1
Fnc,1
narratives,1
Perkz,1
@LorenzoMichel15,1
@Lione122,1
@ArianMasumi,1
EXPOSED,1
@Squawka,1
Ronaldos,1
@LEC_Wooloo,1
#barcelona,1
MISSING,1
missing,1
Life,1
pretty,1
couple,1
sing,1
https://t.co/ABKxXrlw1r,1
Athletic,1
12,1
Spain,1
https://t.co/RfGd5pQ0MS,1
https://t.co/CfEj8mOg1E,1
midget,1
knees,1
espnFC,1
dispossessed,1
Silva,1
#aguero,1
https://t.co/k4GBmip5BP,1
scare,1
Rice,1
VVD,1
@_carefreedaily,1
stops,1
@Hardikc1998,1
https://t.co/NgTwE4agIq,1
Europa,1
Overcome,1
Hoffenheim,1
Messi-Messi,1
awful,1
insinuate,1
indirectly,1
experienced,1
Difficult,1
Bill,1
Gates,1
persons,1
pain,1
gives,1
spot,1
blood,1
tasted,1
@VlahovicAvi,1
blaming,1
regardless,1
volunteered,1
Totti,1
cry,1
pick,1
deir,1
beg,1
ofc,1
Elizabeth,1
@NickRTFM,1
@Trillogy10,1
https://t.co/UmsfdJ5xUF,1
wash,1
@Freknie,1
@tmgjj__,1
h,1
Jbt,1
disagree,1
Immediately,1
dishonest,1
https://t.co/HMbqQPUlPd,1
struggles,1
Union,1
Western,1
rent,1
messi.he,1
@PionelPessi30,1
Insecure,1
prior,1
500,1
boobs,1
comfortable,1
capable,1
rushing,1
@xOluwaseyi,1
bangers,1
week's,1
threw,1
vid,1
@johnnyfc11,1
https://t.co/34thVnull2,1
understatement,1
Shameless,1
https://t.co/neT2yoDqHU,1
scrolling,1
Every,1
hasnt,1
@IamJapanWrestl1,1
@yannicknoir,1
https://t.co/pV83K8fqbo,1
Mr,1
underrated,1
Medal,1
ü•à,1
maintained,1
Ball,1
OF,1
MAN,1
Percentage,1
Success,1
Pass,1
80.3,1
MATCH,1
@Utd_crypto,1
ther,1
@LAFLAME56507009,1
@Declan216,1
hating,1
koeman's,1
scolded,1
non,1
https://t.co/A1yEiBtu2s,1
https://t.co/9DNH0Gv9zp,1
@Messi_knights,1
#records,1
#leomessi,1
embarrassment,1
banner,1
@JonDenton,1
@bilal__7869,1
https://t.co/fIxiWBSEou,1
impress,1
@childishdrglord,1
busi,1
@DaysSinceMessi,1
@James91656096,1
https://t.co/jxMF8USMrQ,1
https://t.co/PMJaQMStxk,1
https://t.co/HNzAC4J5Oz,1
https://t.co/kntInsy4d3,1
@v2mek,1
Might,1
https://t.co/KoIZCYeJh9,1
fvcks,1
https://t.co/3PuU1uB4c9,1
showed,1
release,1
jack,1
https://t.co/5fd43hQCYu,1
looool,1
attend,1
perceptions,1
feed,1
Africans,1
bunch,1
https://t.co/vAnQU2Tp81,1
Says,1
Free,1
üíî,1
Asked,1
"2016,17",1
provided,1
VARdrid,1
service,1
referee,1
@FpsKnights,1
Been,1
Shocker,1
@burntskul,1
buts,1
SUFFERED,1
HAVE,1
WOULD,1
LOOOOOOOOOOOL,1
ü•∞,1
üèº,1
EVIDENCE,1
Guillem,1
@GuillemBalague,1
Madridista,1
Ibai,1
invited,1
asking,1
jokes,1
dear,1
RIGHT,1
HERE,1
THOUGH,1
Briand,1
@Footballogue,1
P90,1
dribbles,1
There's,1
@pranav_stats,1
awarded,1
round,1
mvp,1
Nd,1
Agh,1
@cr7raprhymes,1
@_CombatMedic_,1
@HaalandxCR7,1
@imprajjwal1411,1
üëâ,1
@VibeWithJake,1
3.3,1
üÖ∞Ô∏è,1
Before,1
sites,1
https://t.co/2Idx8e57j9,1
moments,1
popping,1
Persie,1
official,1
Van,1
Cantona,1
Beckham,1
Fergie,1
loads,1
part,1
acknowledged,1
Scholes,1
https://t.co/10UhaY22t9,1
correct,1
hack,1
https://t.co/0WlbEWuSR9,1
24/7,1
sneer,1
entitled,1
superior,1
famous,1
Most,1
https://t.co/eRXPbjrO5j,1
BdO,1
matching,1
stated,1
https://t.co/Hfzo1tXsp4,1
https://t.co/e4aFOgfohr,1
https://t.co/6Nt8dxmEt1,1
Cut,1
Lio,1
we're,1
fourth,1
sell,1
eve,1
renewed,1
@Football_FV,1
https://t.co/sNHmTysQqk,1
KAYTRANADA,1
Joe,1
üë•,1
üíø,1
1462nd,1
listening,1
nonsense,1
Wtf,1
https://t.co/MvwxJmLQct,1
BUBBA,1
crawling,1
Cole,1
Hazards,1
toss,1
value,1
dignity,1
owe,1
info,1
anyone's,1
https://t.co/J8Novg60yN,1
https://t.co/rV8G5hkwQq,1
@jnlmavin,1
@ellis_platten,1
fingers,1
Everton,1
hospital,1
MF's,1
you'll,1
https://t.co/WUrlelo4zY,1
bookies,1
polls,1
drastically,1
improved,1
True,1
@football_papi,1
https://t.co/7E0yAeLPEI,1
@ASRomaEN,1
potentially,1
@JrIsaka,1
basicly,1
barely,1
chants,1
Remove,1
ego,1
@MikeKnowsBaII,1
@Jaylen31055914,1
438,1
surpass,1
various,1
‚öΩ,1
min,1
694,1
‚è∞,1
üèü,1
Brasil,1
combination,1
https://t.co/hYc5X244aP,1
closest,1
you'd,1
professional,1
teammates,1
@GonCastro3,1
attributes,1
Busi,1
450,1
mari,1
wasnt,1
https://t.co/C49ilPX8PW,1
https://t.co/4ejcp8UgUM,1
https://t.co/Mejcy2z0GI,1
https://t.co/HXjrCockX7,1
capitano,1
onegroup,1
shesaidno,1
nr,1
destroyd,1
Hateclub,1
anylonger,1
@irejdoc1897,1
@LeoPeak10,1
bookmakers,1
belewe,1
@Pedri_prop,1
highly,1
survive,1
https://t.co/7c3Srs2BOe,1
noo,1
Noo,1
Ok,1
giveaways,1
Dammmnnnn,1
@littlebigman000,1
november,1
Stay,1
pushing,1
Jorge,1
father,1
whn,1
financially.He,1
breathe,1
üëü,1
scrolled,1
profile,1
obsession,1
Taking,1
@Sport_EN,1
@samuelmarsden,1
https://t.co/EDiT3MEtrp,1
age,1
Gaucho,1
reporters,1
Diego,1
bringing,1
free-role,1
ESR,1
works,1
Rowe,1
Smith,1
memories,1
5.0,1
suckered,1
likely,1
Ballon'd,1
iconic,1
Boateng,1
selfish,1
Coutinho,1
entertain,1
celebrities,1
injections,1
bozos,1
waste,1
@arh_ball,1
@ProD_Soccer,1
reporting,1
candidates,1
hasbulla,1
@Cule_LeoMessi,1
Arteta,1
@nonewthing,1
Lional,1
@francefootball,1
@PhilippeAuclair,1
admin,1
corner,1
drawer,1
@Barca_addy,1
pull,1
distance,1
sort,1
GG,1
https://t.co/Dj8nDqloPX,1
INSANE,1
https://t.co/6dSFBeTLjH,1
target,1
Mikel,1
ü§¶,1
https://t.co/BlcR4AB5HG,1
December-January,1
decides,1
apologise,1
Ya'll,1
violence,1
void,1
candidate,1
sweet,1
appearance,1
suppose,1
tf,1
@Robin14227,1
groupstage,1
@Deej___1,1
91,1
answerable,1
experience,1
actions,1
remove,1
itl,1
escape,1
o,1
36,1
Oga,1
https://t.co/aO9a6KT00E,1
Director,1
@RFIYH,1
https://t.co/OhIFz0XeK6,1
suspend,1
Jack,1
excuses,1
goasted,1
photo,1
middle,1
https://t.co/soYCdOHGbG,1
rating,1
alive,1
athlete,1
Fr,1
@Adiculer08,1
@nafiu_rsbiu,1
liverpool,1
needless,1
af,1
UNITED,1
PENCHESTER,1
PENAL-TEAS,1
WHO,1
PENALDO,1
https://t.co/dA9meKogNx,1
https://t.co/h8Ca0mBIC2,1
sat,1
Somegames,1
atleti,1
Cause,1
@ezrandez,1
@MessiArena,1
3-5-,1
targetting,1
cooked,1
Cd,1
september,1
green,1
buyer,1
barto,1
believed,1
https://t.co/rpeVsiOYlE,1
acting,1
@HalloKloppo,1
I'll,1
606,1
@badboyIni,1
sociedad,1
Lies,1
@AntoGriezmann,1
https://t.co/Lrf34Q7Tez,1
Thread,1
#Messi's,1
ghostnaldo,1
https://t.co/DAeufn0zRt,1
https://t.co/l34Lh8kpvI,1
MeSSi,1
Probably,1
clip,1
disable,1
@brickfr34k,1
@IamOlakira,1
Exclusive,1
@LisLorenzo20,1
moaning,1
99,1
hopefully,1
Yup,1
sometimes,1
admire,1
@messilisic10,1
https://t.co/p16kTfsojW,1
fairytale,1
pigue,1
ü§´,1
September,1
track,1
ppl,1
clunky,1
heard,1
https://t.co/IKLSdmv7jM,1
@DavisPlayzz,1
@vj_sato,1
ü§å,1
disease,1
Fans,1
https://t.co/bTh88UVaJD,1
Surprise,1
#YouTubeShorts,1
#ELFSQUAD,1
cap,1
https://t.co/ZQzCnJsesC,1
".
.
.",1
‚ö°,1
refusing,1
company,1
deadwoods,1
tbose,1
click,1
moron,1
fxcking,1
@Kaazz_Mufc,1
Francophone,1
Cheick,1
Mamadou,1
Boubacar,1
prepare,1
39.3,1
simply,1
ranking,1
Chile,1
Ecuador,1
internationals,1
competitive,1
terms,1
@NB_156,1
Paraguay,1
https://t.co/0EfYOYHijm,1
Sick,1
Winning,1
@YjappzCFC,1
@wehuku1,1
@FtblMohz,1
Pichichi,1
beaten,1
cope,1
coudlnt,1
generation,1
https://t.co/emJmwuIkE6,1
imagine,1
https://t.co/YNafY2R0Ea,1
Players,1
Two,1
Roots,1
Evra,1
Accounts,1
BdR,1
sees,1
midfield,1
actresses,1
Panday,1
Ananya,1
M√ºnich,1
@infosfcb,1
Clutched,1
She's,1
IMO,1
@Justin83517287,1
https://t.co/sxpUZ2IkAu,1
Dreams,1
attitude,1
Diva,1
Oh,1
nuts,1
@WeAreAustinTV,1
Mf'ing,1
Katrina,1
dominating,1
Laliga,1
bruh,1
@Mlangi14,1
recognition,1
kapoor,1
Likes,1
janhvi,1
milessssssssss,1
Chopra,1
Priyanka,1
Kapoor,1
Kareena,1
Kaif,1
Sad,1
Btw,1
ED10,1
@leo,1
@Ojonugwaaaa,1
@Dexter254C,1
grateful,1
season.We,1
everyone.Thanks,1
now.Without,1
single-handedly,1
want.Look,1
@totalBarca,1
https://t.co/zObFTi1GMU,1
üëá,1
touch,1
https://t.co/oqeuDcDKqb,1
https://t.co/eBlOvty7RB,1
messi.That,1
competing,1
chose,1
Ramsdale,1
@The_WinterGuy,1
dfkm,1
fanpage,1
abandoned,1
parents,1
@starboy__16,1
@FootballGypsies,1
@YouTube,1
https://t.co/K0pMdAQQm5,1
#short,1
status,1
unforgettable,1
@MagicEightBal,1
silver,1
read,1
turns,1
Atleti,1
@trending_medic,1
million,1
screamer,1
usual,1
bollocks,1
#breaking,1
Crooks,1
#collapsebuilding,1
shot,1
#lagos,1
@AnfieldWatch,1
@guardian,1
@GFFN,1
6.64,1
4.96,1
ava,1
precision,1
forfeited,1
#RBLPSG,1
https://t.co/ZSFlvm1NtD,1
Shah,1
Rukh,1
stocks,1
Ethiad,1
Khan,1
Indian,1
directly,1
Ambassador,1
INTERPOL,1
Intl,1
International,1
improving,1
consecutive,1
required,1
Idiot,1
https://t.co/18tyqvY8L4,1
https://t.co/J1IR3rSRmh,1
convention,1
rescue,1
95,1
restore,1
unity,1
2023,1
https://t.co/GN60vWhEmf,1
Alves,1
Dani,1
issue,1
#2023,1
#ortom,1
https://t.co/W5aAF0bRWV,1
Naa,1
GS,1
Sometimes,1
Lagos,1
collapses,1
storey,1
trapped,1
Many,1
https://t.co/zafk80lAfW,1
Celebrities,1
untradeable,1
https://t.co/QxypABDbNP,1
@DaveTurkson,1
@Arianocfc,1
@JohyanCruyff,1
@AlexGoldberg_,1
lemons,1
penny,1
reacts,1
ambassador,1
Hollywood,1
supportive,1
@cfbayern,1
@iMiaSanMia,1
@Baldretzka,1
heading,1
KB9,1
hold,1
impactful,1
Matter,1
https://t.co/Kbc5yIBldP,1
ohhh,1
announce,1
https://t.co/Cv0BHQQ9Jj,1
pen,1
@SkySportDE,1
uh,1
@MessixEra,1
trusted,1
https://t.co/OiyX8ma1ld,1
@Yuvi,1
@crabmeatcyka,1
ream,1
carrying,1
@VadealFN,1
Aye,1
deliver,1
@drKeniAn,1
@fcbyuvi,1
mistakes,1
https://t.co/Df22C0T8Dz,1
https://t.co/LPH6kdxUff,1
pipe,1
retires,1
occur,1
Jackie,1
Chan,1
gini,1
donarumma,1
https://t.co/OGeRsO4aqL,1
https://t.co/pRpxs8eP43,1
@PauIP6,1
model,1
girl,1
b0zo,1
@obiatw3,1
contracts,1
monster,1
You'd,1
100x,1
15,1
@_DeclanRice,1
catch,1
Loved,1
üá∫,1
üáæ,1
wasted,1
characteristics,1
include,1
newcastle,1
sorry,1
powerful,1
@Elroy_R_Buck,1
spaces,1
https://t.co/wSCVoImJsB,1
Lewandowski's,1
juve,1
@carothehybrid,1
Ortom,1
infested,1
@ire_adeoye_,1
@Nikeadeg,1
@m8arteta__,1
https://t.co/9t8nFFrbAT,1
beneath,1
Monaco,1
LW,1
https://t.co/Buidzk2G7x,1
dickhead,1
equation,1
#kaduna,1
https://t.co/qh97wIJCUc,1
someday,1
https://t.co/bQ8HZHye9T,1
relevant,1
Watching,1
defense,1
Miss,1
Match,1
lenglet,1
Lepzeig,1
leauge,1
trolled,1
Via,1
üèÖ,1
rebuild,1
bottle,1
jobs,1
easier,1
phase,1
setein,1
offensively,1
decent,1
network,1
Ô∏èLionel,1
@ManUtdMEN,1
@Neymaravi_,1
@MirZafa03675509,1
https://t.co/XsMSGTR5Rf,1
@Dsummerss,1
8ball,1
duel,1
roulette,1
donate,1
ballondor,1
followage,1
starz,1
cartel,1
console,1
https://t.co/KmG0KaENyf,1
LATER,1
mobile,1
defensively,1
shutdown,1
@CFCy9nju,1
bandits,1
Government,1
nations,1
Kaduna,1
BIGGZ,1
PROMISE,1
blasts,1
NEW,1
WORLD,1
chieftain,1
INSPECTOR,1
@chukutin,1
nahh,1
trolling,1
https://t.co/RnVu0DMuFt,1
wanala,1
confused,1
ka,1
wadlala,1
oo,1
adiwele,1
singing,1
https://t.co/D0dsj24EXI,1
trust,1
thixo,1
lower,1
x,1
2.5,1
audit,1
https://t.co/fWy9zxrEPv,1
@bagofnuts_,1
shark,1
Serena,1
legacy,1
@SpicerQQ,1
concluding,1
throw,1
uvele,1
pooch,1
shows,1
street,1
understanding,1
https://t.co/3aunKO7kU2,1
Word,1
Wallahi,1
595,1
Messisexuals,1
dj,1
seperate,1
owns,1
@dreadblackpill,1
@EliGE,1
@Twistzz,1
Elige,1
https://t.co/gczHdGm60Q,1
#ESPNCaribbean,1
s1mple,1
comparison,1
https://t.co/8LXvfC6KFH,1
Didn't,1
suggested,1
https://t.co/cGQcSv7uEd,1
Crazy,1
intention,1
declares,1
mile,1
Numbers,1
@LionelFutbol,1
eibar,1
@hao2000ki,1
ik,1
#rashford,1
yhu,1
#Owen,1
https://t.co/pezJkaHzg8,1
Owen,1
relief,1
celebration,1
mostG,1
üòì,1
#EPL,1
Clearly,1
arturo,1
@nmfrthemoon,1
bw,1
shield,1
cared,1
honour,1
kiss,1
ballond'or,1
#Puliback,1
throne,1
Unlike,1
Pulisic,1
cried,1
https://t.co/y922GpqHMU,1
Jr,1
Thomas,1
diff,1
@SeleoProspects1,1
stronger,1
https://t.co/9H9uO69pR1,1
package,1
@_20nine,1
Pendus,1
"2,2",1
"5,1",1
catalan,1
rats,1
creates,1
@wheezy_khiddy,1
@XXL,1
interviews,1
tackling,1
hypocrisy,1
üëå,1
mens,1
@MessiahMSD,1
gooooool,1
questioned,1
Cul√©,1
hesitated,1
puzzling,1
Very,1
However,1
admit,1
terribly,1
underwhelming,1
thus,1
factor,1
https://t.co/AlqRfhDXml,1
instructs,1
providing,1
@Asserting19,1
replace,1
fifa,1
iifhs,1
ballondors,1
@e_z_zi,1
depends,1
inconviencing,1
leaves,1
World's,1
@SaraFCBi,1
huh,1
ruin,1
reputation,1
pls,1
@RafaelH117,1
expenditure,1
@Theorriginal,1
@TheMessiah6821,1
linked,1
Kappo,1
9s,1
https://t.co/9fqkxpBSZ7,1
https://t.co/i1iCsDX02T,1
pitches,1
vintage_cr,1
mentions,1
entering,1
alright,1
goalscorer,1
koe,1
deep,1
https://t.co/NUbU0Zm47N,1
2005,1
https://t.co/YuiYy2EHld,1
Difference,1
discredit,1
Masia,1
Trust,1
heal,1
Rossell's,1
lmaoooo,1
https://t.co/HYnnrrZI6M,1
https://t.co/BsVU6Rdsqk,1
#TimesofIndia,1
dire,1
https://t.co/Vt9JrB7Fv0,1
no7,1
remarkable,1
@qwertyazertyl2,1
deeper,1
#Sports,1
hesitant,1
eganyeee,1
Motivator,1
Fabrizio,1
@SamuelR75523948,1
@talkfcb_,1
https://t.co/sv6kjmvIlI,1
January,1
#ronaldo,1
goodbye,1
#soccerjersey,1
#gogoalshop,1
ü§ì,1
assumption,1
suggestion,1
#LaportaOut,1
#messipsg,1
https://t.co/F9LKHxCLkA,1
Done,1
@speedlapse,1
https://t.co/IrhmNBZGOq,1
Biggest,1
Others,1
TC,1
OP,1
#Lionel,1
https://t.co/JKxRuYz0PE,1
@Kappo9s,1
@PoliticsForAlI,1
Arrest,1
@M16Packed,1
@Trix__11,1
@imroronoazoro,1
@DlZZLE_UTD,1
https://t.co/iJaD3U8IJq,1
https://t.co/IrjsjXB1gg,1
https://t.co/w3NHNIFHHH,1
Indeed,1
@TioDrewPriv,1
photos,1
states,1
https://t.co/TSKR8ucpgh,1
posting,1
Did,1
beast,1
@anis_lahouani,1
@BabakGolriz,1
Christiano,1
stick,1
prop,1
claiming,1
https://t.co/ZrgegFq2c6,1
@TheEuropeanLad,1
https://t.co/SYN7jybV7n,1
https://t.co/0Zo3NXrKHv,1
soo,1
üòï,1
unhappy,1
fan's,1
https://t.co/F8QML33Kxq,1
https://t.co/FBC0bBsJzp,1
funniest,1
restaurant,1
eating,1
waitress,1
accidentally,1
@opimpibar1,1
fifty,1
https://t.co/6mIUQPNScl,1
RTs,1
follows,1
appreciated,1
Mendes,1
asap,1
hasn,1
Hakimi,1
https://t.co/YHPQiPSZGV,1
teacher,1
silence,1
students,1
silenced,1
cvc,1
stadium,1
"81,000",1
https://t.co/Y2nGr8e676,1
convince,1
eiber,1
#Truth,1
#BallonDor,1
https://t.co/ZoaWtrcZKD,1
https://t.co/S4NKrnBYnX,1
https://t.co/xmvZNhsYHi,1
#goals,1
#free,1
#legend,1
https://t.co/wDfxPA4pCD,1
#CopaArgentina,1
#interview,1
#Argentina,1
lm7,1
@eazyqualtwo,1
#Trending,1
#laporta,1
#ChampionsLeague,1
#Midget,1
#Pepsi,1
#Pessi,1
2009,1
un,1
es,1
@RedNBlueVibes,1
@TwinsFifaHD,1
Pes,1
Yo,1
les,1
bg,1
3-1,1
series,1
Bu,1
Original,1
https://t.co/ChyfPFO0I1,1
T-shirt,1
et,1
Our,1
result,1
horrible,1
puyol,1
Carlos,1
May,1
reverse,1
menteur,1
fixture,1
Sunday,1
200k,1
Saul,1
en,1
#westayundefeated,1
@NFT_French,1
https://t.co/4f1QqlmEKS,1
@Cuaddu1,1
c,1
grave,1
Again,1
Eibar,1
Against,1
Division,1
hater,1
Move,1
Career,1
Pgs,1
meaning,1
shortened,1
Willing,1
Twitter's,1
character,1
malicious,1
Reports,1
Stegen,1
online,1
Watch,1
l,1
Henni,1
suffering,1
ü§•,1
Lupin,1
est,1
https://t.co/n81clOlCxz,1
@zdev016,1
https://t.co/kXdwfwgu9q,1
Pique-Messi,1
division,1
Maigos,1
led,1
Arsene,1
ilove,1
https://t.co/y4hvrjb2oZ,1
earth,1
Oml,1
https://t.co/FUrU8UwzXs,1
https://t.co/TQHS66TeHC,1
Schumacher,1
Micheal,1
@nazrma7,1
thay,1
bum,1
Martinez,1
philosophy,1
https://t.co/MLqvJVtnuy,1
levels,1
Noone,1
relation,1
cover,1
https://t.co/ILfnNxGYpU,1
Bigger,1
debt,1
bartomeu,1
Excellent,1
222million,1
dressed,1
leo's,1
LK,1
ronald,1
mins,1
thses,1
fan'sare,1
Rodrigo,1
@roushfenway,1
stability,1
List,1
euros,1
anyday,1
worst,1
sucking,1
@Elelwani_Ndou93,1
@Jose_Told_You,1
Tiny,1
drives,1
@Segzxx,1
important,1
tale,1
@Pranavkbfc,1
sef,1
@sideblancos,1
takeons,1
https://t.co/KsRx5fP53n,1
PG,1
https://t.co/kWJSJS7gz7,1
https://t.co/QV1wxJKrSj,1
https://t.co/gbiPrg0pdQ,1
braindead,1
Paratici,1
pig,1
Depends,1
@IFTVMarco,1
practice,1
https://t.co/kzzvhGm0mt,1
kari,1
section,1
busy,1
explain,1
prob,1
playmaking,1
hase,1
üòÄ,1
@_cfcguy,1
@Fibonana,1
Having,1
goalscoring,1
https://t.co/oeF3N0JoEs,1
ir,1
perfomance,1
department,1
specific,1
https://t.co/VyG2UF4Vxf,1
https://t.co/Tnf1Goxbsz,1
üìÇ,1
lord,1
zero,1
@SuperSportTV,1
potani,1
Raphinha,1
ne,1
@Uzosecond,1
supported,1
room,1
@mofaccioertweet,1
https://t.co/YKWc9gScNe,1
Adding,1
occupy,1
dembele,1
investment,1
generated,1
300,1
conflict,1
shortly,1
discussing,1
spoke,1
embarrassed,1
topics,1
@Serenityy_now,1
@PulgaLa10,1
Lmaooo,1
eh,1
Me,1
kidhu,1
FPL,1
Assuming,1
@olujoshdare,1
rahul,1
@KensethFan17_20,1
@LUFCAtif,1
@kso123_,1
Poche,1
RONALDO,1
WANT,1
denies,1
Fun,1
WHY,1
@_AsiwajuLerry,1
BUSCA,1
https://t.co/WKakC3lECV,1
freedom,1
STILL,1
HAS,1
LEAGUE,1
https://t.co/akQ31MF7s9,1
GOALS,1
YOU,1
https://t.co/sXAyGoot7B,1
THAN,1
#FCBlive,1
@needonegoalfc,1
supporting,1
IF,1
celebrity,1
disappoint,1
disappointed,1
@Amari74_,1
‚úå,1
@OLA29636117,1
Choose,1
Wednesday,1
asf,1
‚ùå,1
Listening,1
https://t.co/rkR33yitF3,1
Lanesh,1
generate,1
https://t.co/ek9If8mvM8,1
cost,1
language,1
total,1
https://t.co/sHb74afgao,1
DINHO,1
random,1
dude,1
strongly,1
question,1
@lapulgafreak,1
expenditures,1
https://t.co/8lqKGT8QIo,1
https://t.co/N4AKLuzvxa,1
livid,1
@Inayat19708039,1
wisely,1
AND,1
protected,1
freezing,1
@waleedalfarraj,1
ex-Bar√ßa,1
https://t.co/nuWvrzlP79,1
alcoyano,1
@messiifc10,1
@RossChastain,1
gueye,1
gana,1
@ChaseBriscoe_14,1
@NightKing00001,1
idris,1
@Chris_Buescher,1
Surely,1
balance,1
checkbook,1
didnt,1
Someone,1
remind,1
fkin,1
@derekVibez,1
claimed,1
financial,1
Broo,1
constant,1
@Etleau1,1
@leitren,1
https://t.co/KOGrbAM0K1,1
#ramos,1
Dont,1
#psg,1
BUSCALO,1
üîä,1
FORGET,1
https://t.co/Uw0FP2qeYC,1
sheriff,1
Lost,1
guns,1
frustrating,1
obsessed,1
DO,1
https://t.co/XSyUpymMGT,1
Newmar,1
gulf,1
COMBINED,1
Steph,1
KD,1
Careca,1
R9,1
Lebron,1
üõê,1
@Chrisanchez15,1
https://t.co/WtqooTXSn9,1
fill,1
mark,1
Romario,1
IQ,1
fast,1
Documents,1
chalu,1
organize,1
dirty,1
Gretzky,1
#hypocrite,1
asslickerrr,1
laporta's,1
Cristiano's,1
long-standing,1
Criticizing,1
blind,1
doctor,1
INEVITABLE,1
D'OR,1
BALON,1
Save,1
salty,1
WINNING,1
‚Üì,1
grow,1
Z,1
#CristianoRonaldo,1
https://t.co/VqEilAWwaM,1
007,1
Ghosts,1
Wayne,1
election,1
@wesyang,1
nostalgia,1
rn,1
#lm7,1
@ChorltonFooty,1
2/5,1
@OIahuUber,1
captured,1
land,1
@PSG_espanol,1
@Barca_Buzz,1
concerns,1
https://t.co/P63FRtxVK5,1
adventures,1
https://t.co/VOANFkvh2j,1
Luckily,1
Omo,1
staying,1
https://t.co/1sqMBb61Ke,1
strange,1
https://t.co/BGOV0WXolI,1
https://t.co/1KVKvEs3Zs,1
@MAHESHPANDU224,1
beginning,1
Talking,1
@Akmoemyatz,1
@TheChips_Futbol,1
@smswapnil23,1
@Futbolista___,1
Bottlejob,1
restructure,1
dispensing,1
playiny,1
table,1
golf,1
talked,1
dk,1
‚òÄ,1
hours,1
@mozarros1,1
pressure,1
activities,1
@messi,1
animals,1
https://t.co/qODQE9FnYZ,1
@olgasyana,1
https://t.co/BJTvWo32XY,1
https://t.co/nvQMgLhAJ7,1
yummy,1
üíï,1
Won,1
possibility,1
https://t.co/Rm5lHvZcgh,1
Ronaldo's,1
macho,1
mount,1
Dk,1
Ludo,1
Listing,1
worthy,1
script,1
five,1
https://t.co/1sx4BDOqZW,1
comps,1
Track,1
1bn,1
Artist,1
Album,1
@CertifiedRatio,1
opera,1
television,1
‚Ç¨,1
https://t.co/pWr9RuLbls,1
RB,1
lose,1
4x4,1
Chess,1
unproven,1
100m,1
swiftly,1
supposition,1
Pep,1
soap,1
https://t.co/17mcIbpSnj,1
‚òπ,1
bdors,1
Messi'd,1
f-ers,1
https://t.co/8EiCSUYmkR,1
ya,1
brat,1
Messi-less,1
https://t.co/x7bMLlXm5E,1
caves,1
crowned,1
UCLs,1
@DailyMail,1
Trophies,1
Push,1
#SRK,1
https://t.co/kz2So2CESj,1
Five,1
research,1
folder,1
NOW,1
hav,1
¬ø,1
bleacher,1
@Nkjnr,1
Afcon,1
https://t.co/5MsgtxdGqi,1
Friendly,1
https://t.co/sL16m6w27s,1
reminder,1
ManUTD,1
KO,1
stomach,1
Goats,1
https://t.co/L0RlykBKAk,1
@Shinaspeaks,1
Men's,1
https://t.co/fOkBO3Urgr,1
Spurs,1
base,1
@ManUtdMaverick,1
#TheBest,1
@Grahamwinstanl4,1
Ali,1
merchent,1
perez,1
kno,1
til,1
Eight,1
@welwyn_warriors,1
@hadrien_grenier,1
embarrased,1
Gil,1
https://t.co/twfkLPvvKY,1
Seven,1
@avenue_football,1
KO's,1
@callumormrod1,1
istg,1
Six,1
Penaldogs,1
Definitely,1
#ShahRukhKhan,1
üí©,1
‚ö†,1
squashes,1
Mouajal,1
@fc_kensal,1
slandered,2
leader,2
comeback,2
budget,2
retired,2
Everything,2
Army,2
@_Zeus1_,2
gem,2
atleast,2
sooner,2
formation,2
balon,2
possibly,2
Right,2
leg,2
@MagicOfBarca_,2
fb,2
treating,2
truly,2
opponents,2
suggest,2
leaking,2
Dn,2
king,2
@___esha_,2
brother,2
content,2
@Godwinkkko,2
@DanielRegha,2
@cubanjamesbond,2
ü•¥,2
reports,2
blow,2
named,2
tweeted,2
@RMA_Kristofers,2
@Pallaspyro,2
zlatan,2
@mamoonkhan09,2
broke,2
@Litro1510,2
@mariiiio_,2
@AvogzWedaga,2
@Rohit__Messi,2
#army,2
#anambra,2
@ChaithuArts3,2
üö©,2
@6BDORS,2
Since,2
d'ors,2
btw,2
@somedaytolive,2
article,2
Thats,2
calendar,2
salah,2
pretending,2
hide,2
returning,2
earned,2
f,2
yall,2
3rd,2
app,2
@kickoffspot_,2
squad,2
statistics,2
involved,2
@_Leo_02,2
tournaments,2
Should,2
mind-Sports,2
farmer,2
Firstpost,2
@Rvisedd,2
indeed,2
King,2
46,2
@MasiaProdigy,2
lookalike,2
except,2
80,2
departure,2
journalists,2
special,2
Kylian,2
@ea_kesse,2
Golden,2
Hazard,2
treatment,2
pronounced,2
kinda,2
arrival,2
complete,2
dressing,2
wish,2
#LionelMessi,2
year's,2
@Letter_to_Jack,2
comment,2
waiting,2
whatever,2
@THESMILYONE1,2
Let,2
discuss,2
dissapointed,2
@gdhjd87043141,2
hopes,2
@irealkamran,2
@messimerize10,2
fair,2
üö®,2
recent,2
@LeroyPrince77,2
@Apkiii_behan_,2
pm,2
Lmao,2
overwhelming,2
secretary,2
forced,2
unreal,2
eats,2
@imessi,2
wont,2
Stop,2
Except,2
Ass,2
Nigeria,2
#HappyBirthdaySRK,2
obviously,2
seventh,2
according,2
Puig,2
knockout,2
fits,2
45,2
wasn,2
along,2
@AnkurMessi_,2
ban,2
remember,2
unless,2
clause,2
genuinely,2
killing,2
Busquets,2
üëà,2
@barcacentre,2
ye,2
@KDB2021,2
@losclive,2
@tylerguinness,2
personality,2
grab,2
profited,2
1st,2
December,2
pack,2
Llorente,2
#Nigerian,2
fighting,2
@SincereCR7,2
@kroenke0utn0w,2
@Utdollandezos,2
@MarcusRashford,2
tough,2
@Kapil_the_legit,2
AT,2
send,2
respect,2
Both,2
drama,2
üò®,2
:),2
yesterday,2
oh,2
@Castro1021,2
arguably,2
GOAL,2
management,2
page,2
consider,2
post,2
@lmfootbalI,2
men,2
legends,2
financially,2
ü§û,2
üèæ,2
@simplisticMessi,2
@KingsleyDwomoh4,2
#PDP,2
born,2
Umtiti,2
her,2
Cr7,2
race,2
female,2
Robert,2
yeah,2
@fcbnilebagged,2
attack,2
strong,2
@WeAreMessi,2
@ronaldo_,2
@_Lindile_,2
PDP,2
@BoseAlby,2
Hey,2
Looks,2
@RMCsport,2
@premierleague,2
Euros,2
@Messi_Contract,2
#Sport,2
gronk,2
october,2
EPL,2
Rashford,2
na,2
pure,2
search,2
@RMnaldo7,2
@Zayn_Daniel10,2
@twixstyy,2
Poor,2
transfer,2
WALI,2
@Drwhales_,2
Of,2
SOORYAVANSHI,2
DIWALI,2
KOs,2
ghosting,2
THIS,2
join,2
Better,2
@11JRT,2
@KyrenFC,2
@JoseNChill,2
@NepentheZ,2
@MattHDGamer,2
buy,2
waited,2
nowadays,2
fail,2
@TeamLeo10i,2
Greatest,2
ransom,2
stars,2
Tried,2
amazing,2
mistake,2
plan,2
Tell,2
reward,2
die,2
Team,2
National,2
nkunku,2
boys,2
C.America,2
Winner,2
POTT,2
Scorer,2
6th,2
later,2
bio,2
#soccer,2
upfront,2
Barto,2
‚ñ™,2
penalties,2
criticizing,2
@SportySuz21,2
De,2
@GoalNews,2
@cfchziyech,2
#ÿ∫ÿ±ÿØ_ÿ®ÿ∞ŸÉÿ±_ÿßŸÑŸÑŸá,2
maradona,2
pele,2
https://t.co/RmD2PaaWb3,2
200,2
odds,2
@PauDybala_JR,2
@juventusfcen,2
Vote,2
origi,2
nah,2
@FCBayern,2
@AlphonsoDavies,2
@marcroca21,2
WIN,2
Read,2
hang,2
anyway,2
THEN,2
HE,2
MOT,2
ARG,2
SRK,2
@Ibra_official,2
food,2
records,2
#ÿßÿ¨ŸÖŸÑ_ÿ±ÿ≥ÿßŸÑŸá_ÿ≠ÿ®,2
open,2
Got,2
https://t.co/gziCmKmowY,2
Time,2
Idk,2
madness,2
@halamadrdynada,2
demand,2
messed,2
blahh,2
@Carvenism,2
@FCBDeva,2
trash,2
@Rocanisic,2
naive,2
prem,2
equivalent,2
bought,2
argument,2
coutinho,2
ago,2
Daily,2
bullshit,2
@JosipFCB93,2
among,2
@idoknowball,2
400m,2
defend,2
Coming,2
interesting,2
actor,2
Welcome,2
beta,2
bitch,2
male,2
shud,2
human,2
annoying,2
@BlancoAMJ,2
america,2
three,2
weaknesses,2
criticize,2
@ERNESTHDGAMERX,2
Na,2
üáπ,2
Please,2
üáµ,2
BDO,2
completed,2
@BadBarcaOpinion,2
false,2
created,2
leak,2
Ernest,2
approval,2
ü•µ,2
update,2
sealed,2
keen,2
longevity,2
üò¨,2
shining,2
facing,2
arrogant,2
Griezmann,2
#LaLiga,2
Football,2
trio,2
project,2
iniesta,2
era,2
subbed,2
wise,2
spread,2
longer,2
enjoy,2
Anyways,2
bout,2
tap,2
push,2
followers,2
beloved,2
personally,2
attacking,2
ucls,2
fell,2
making,2
defenders,2
bottom,2
sick,2
president's,2
standing,2
property,2
interested,2
performing,2
goalkeeper,2
maria,2
haven't,2
changed,2
voting,2
breed,2
singlehandedly,2
applies,2
Was,2
Transfer,2
fee,2
families,2
continues,2
morning,2
positions,2
swap,2
ü§ù,2
eto'o,2
Damn,2
nod,2
pep,2
0-0,2
sayin,2
Cavani,2
scary,2
isnt,2
@VishuDuhoon10,2
power,2
Nice,2
#soludo,2
Dey,2
DiMaria,2
@adamya3010,2
beef,2
Would,2
kind,2
@iphedollar,2
@RosarioWizard,2
@GallantEngineer,2
Khalifi,2
allow,2
@Atleti_RS,2
surprised,2
miracle,2
stopped,2
Conte,2
aswell,2
Penalties,2
guess,2
looking,2
Ask,2
outscored,2
aren,2
actual,2
Sports,2
injury,2
limited,2
thanks,2
possession,2
@Shoeb_Mohd1,2
#Anambra2021,2
report,2
Uba,2
Soludo,2
Play,2
@MailOnline,2
2003,2
information,2
Up,2
https://t.co/qdFR9earty,2
criticises,2
Pochettino,2
@9248ladecima,2
sheet,2
2-1,2
term,2
According,2
@NevertakenaL,2
concern,2
@messi_202108,2
bc,2
dribbling,2
Club,2
perfect,2
@jesusR10US,2
@TKOB_30,2
clean,2
@cozmo1x,2
bdor,2
Oct,2
becomes,2
appearances,2
tweets,2
254,2
@Matt_Law_DT,2
fun,2
center,2
@Magical__Messi,2
Doesn't,2
üá´,2
Mbapp√©,2
W,2
35,2
claim,2
confirmed,2
@MbappeEra3,2
üéô,2
Gueye,2
average,2
@UtdLew,2
wearing,2
starter,2
Snakemar,2
Garcia,2
Eric,2
bec,2
Halloween,2
pace,2
milion,2
act,2
posted,2
@Joevar_A,2
Brazil,2
lad,2
absolute,2
relate,2
@AkafiAli,2
@PranabKar15,2
@Afc_Ahmed14,2
standards,2
excuse,2
what's,2
Lewy,2
@n7beel__,2
AFCON,2
joy,2
feet,2
planet,2
WAS,2
Oro,2
MY,2
Pibe,2
ARE,2
Gerard,2
flight,2
conditions,2
dem,2
Jorginho,2
Remember,2
none,2
Liverpool,2
dominated,2
cross,2
offensive,2
Waiting,2
passer,2
scorers,2
bodied,2
Gini,2
TO,2
Static,2
max,2
Roma,2
Donarumma,2
sacrifice,2
feel,2
üôÑ,2
Juninho,2
swayed,2
conversion,2
atm,2
@Saqeezyy,2
@KimmichZone,2
idiot,2
kill,2
hilarious,2
accepted,2
@Ishanculer,2
@__elclasic,2
defender,2
shown,2
midfielder,2
creative,2
sigh,2
stuff,2
twice,2
fall,2
#Football,2
lift,2
example,2
üôè,2
Yellow,2
dragging,2
rape,2
proven,2
48,2
dreams,2
sofascore,2
wasting,2
super,2
Roberto,2
16,2
shadow,2
@ESPNUK,2
43,2
18,2
sold,2
body,2
word,2
I've,2
everywhere,2
Arsenal,2
box,2
opposition,2
empty,2
wan,2
ignore,2
wide,2
@XDVXYC10,2
STOP,2
üìÅ,2
New,2
Ppl,2
tired,2
seeing,2
bozo,2
favourite,2
Ironic,2
valverde,2
meeting,2
Love,2
virgin,2
2013,2
black,2
listen,2
GOGLE,2
considering,2
USA,2
soon,2
Straight,2
@NutmegSuarez,2
drought,2
signings,2
Tuchel,2
stand,2
@MonkeyBoy010,2
details,2
@Thukten143,2
@LbKKjlOPEWZOrmE,2
event,2
looks,2
Dribbling,2
betrayed,2
pressed,2
:D,2
finishing,2
Big,2
20,2
Unpopular,2
bar,2
praising,2
magic,2
show,2
statement,2
internet,2
Refdrid,2
Interesting,2
@MikeLUHG_18_0,2
20-30,2
97m,2
@Sherry_2702,2
intends,2
cancerous,2
register,2
signing,2
@havehopehut,2
@pionelRMA,2
nerd,2
Didnt,2
incredible,2
summer,2
Qatar,2
available,2
Ganesh,2
sh,2
y,2
epl,2
MATS,2
Slandering,2
#news,2
@MaestroPique,2
lied,2
Zidane,2
wht,2
nd,2
scream,2
imo,2
ney,2
üôå,2
argue,2
EN,2
renew,2
dropping,2
Silver,2
calm,2
@gasipo_opinions,2
Are,2
Ending,2
Tap-in,2
honestly,2
Penalty,2
image,2
assister,2
South,2
Owned,2
Crotone,2
criteria,2
Andorra,2
dangerous,2
Feeling,2
Guedes,2
Eder,2
Dive,2
American,2
@andyyax,2
glory,2
wanting,2
brudda,2
become,2
comfort,2
17,2
joining,2
zone,2
shitty,2
25,2
Portugal,2
sheep,2
@knowledge_nyiko,2
@samiul__7,2
Being,2
diva,2
peak,2
supposed,2
@RayM166,2
@yanekstats,2
Bribed,2
tbh,2
lived,2
@barcagalaxy,2
Olympics,2
Official,2
ED_CR,2
Haaland,2
Future,2
gold,2
Own,2
equal,2
competition,2
physicality,2
sign,2
üòâ,2
COMO,2
logic,2
DIJO,2
telling,2
ffs,2
Ghostin,2
Balon,2
Carried,2
leadership,2
followed,2
Gullit,2
@SiempreBarca27,3
minute,3
@messiblinder,3
El,3
self,3
letting,3
accept,3
#Politics,3
@PSGINT_,3
PL,3
verratti,3
Modric,3
working,3
needed,3
Nah,3
‚îî,3
By,3
hit,3
market,3
afford,3
OUT,3
ü•á,3
worth,3
WC,3
üîµ,3
line,3
quality,3
With,3
card,3
Games,3
definitely,3
lying,3
Leipzig,3
balls,3
fati,3
Same,3
he'd,3
account,3
@amitrmfc,3
poor,3
international,3
outside,3
Kelly,3
plans,3
@deepakomyogi,3
koeman,3
@Chaviesquement,3
water,3
@shauray3ii,3
Out,3
current,3
Di,3
#UCL,3
haters,3
tbf,3
hits,3
cuz,3
ended,3
Cry,3
building,3
@TrollFootball,3
god,3
anything,3
air,3
head,3
hands,3
reach,3
2012,3
Verratti,3
beat,3
Get,3
üòπ,3
facts,3
midfielders,3
ü§©,3
#OnThisDay,3
Penaldo,3
agenda,3
old,3
leagues,3
Goat,3
system,3
@PSG_inside,3
im,3
@DudeArts2,3
forgot,3
farmers,3
Be,3
space,3
tears,3
Adriano,3
Allez,3
kick,3
legs,3
@shayaanfcb,3
they're,3
@barca__fan__,3
Ronnie,3
achievement,3
Drogba,3
Has,3
tier,3
Know,3
dribble,3
Highest,3
extraordinary,3
united,3
@mide6ix,3
@ultimatetots,3
@sixgodfcb,3
watched,3
chances,3
ground,3
lies,3
hardest,3
fine,3
ghost,3
tipped,3
BDor,3
mad,3
interest,3
surprise,3
messi's,3
compare,3
@RJ_Messi_1,3
whether,3
streak,3
turned,3
normal,3
@acmilan,3
suggesting,3
farewell,3
miss,3
On,3
heart,3
wasn't,3
@dnyk__,3
NO,3
cr7,3
üëë,3
Vardrid,3
2015,3
Never,3
playlist,3
wrong,3
couldn,3
attacker,3
main,3
8-2,3
seriously,3
refs,3
Take,3
v,3
takes,3
funny,3
Bolivia,3
person,3
ü•∫,3
using,3
Come,3
hyping,3
alba,3
ran,3
Well,3
Let's,3
aren't,3
footballer,3
challenge,3
IN,3
#FCBarcelona,3
do'r,3
FOR,3
@adamGuater,3
eventually,3
function,3
ageing,3
An,3
bang,3
honeymoon,3
doubt,3
save,3
hell,3
smh,3
champion,3
üí¨,3
Zlatan,3
star,3
Retire,3
cannot,3
taking,3
Piqu√©,3
Riqui,3
calling,3
¬£,3
Psg,3
face,3
low,3
@Jay_Bancs,3
charge,3
Top,3
Its,3
@diarioas,3
GIFs,3
family,3
@Messiopath,3
fanboys,3
Respect,3
feels,3
90s,3
Always,3
00s,3
proper,3
tells,3
foot,3
@MadridXtra,3
Maybe,3
29th,3
@SprtngNostalgia,3
#Barcelona,3
final,3
inappropriate,3
Argentinian,3
forever,3
percent,3
twitter,3
Then,3
#football,3
choice,3
Don,3
chance,3
retire,3
okay,3
basically,3
@Hamza__KB9,3
month,3
hakimi,3
@Fated_Freedom,3
theres,3
achieve,3
üëÄ,3
retirement,3
completely,3
gavi,3
D'or,3
leo,3
@FrenkieSZN12,3
playmaker,3
@ArnoId66,3
enough,3
Their,3
check,3
@Leo_Stats,3
YouTube,3
Saint-Germain,3
@football_ie,3
WhatsApp,3
Iniesta,3
@Joshua_Ubeku,3
hes,3
28,3
amount,3
lots,3
mendes,3
#Barca,3
bother,3
80s,3
absolutely,3
started,3
perform,3
@SvallySL,3
assist,3
premier,3
nice,3
@mvp2011sv,3
hanging,3
Luis,3
cards,3
backs,3
@markgoldbridge,3
@_ibrxhim11_,3
tried,3
@sportbible,3
comments,3
suit,3
\,3
giving,3
Sport,3
4-2-,3
deal,3
otherwise,3
destroying,3
@WiseCuler,3
points,3
stages,3
@brfootball,3
window,3
story,3
@nhdnsjssjsjdh,3
Uruguay,3
strikers,3
@barcal899,3
lewandowski,3
2014,3
BEGGING,3
joined,3
@ElitxCR7,3
As,3
22,3
stans,3
speak,3
keeps,3
there's,3
@nana___g,3
sessions,3
Alba,3
@RahulNjr,3
yourself,3
past,3
adding,3
confident,3
superstar,3
dropped,3
turn,3
@Messi_Lover906,3
rattle,3
closed,3
small,3
@_Futbolero_,3
adapt,3
lives,3
means,3
fella,3
clear,3
yes,3
Ter,3
@UTDMoh_,3
niggas,3
French,3
People,3
barcelona,3
national,4
offer,4
Back,4
nobody,4
demands,4
weird,4
contributions,4
each,4
ultimate,4
):,4
Maradona,4
Koeman,4
Yet,4
build,4
News,4
quite,4
fought,4
Everyone,4
Twitter,4
prize,4
less,4
leaving,4
@SeyaFCB,4
figure,4
Real,4
Imagine,4
You're,4
maybe,4
sad,4
either,4
second,4
@tonifcbarca,4
fanbase,4
=,4
@RudraXCR7,4
huge,4
üí™,4
limit,4
given,4
overall,4
@Schule7i,4
2022,4
@sadioman_,4
entire,4
leaks,4
Ronaldinho,4
you're,4
scoring,4
flop,4
title,4
impossible,4
Anambra,4
Bar√ßa,4
Return,4
tournament,4
few,4
call,4
@cr7,4
77,4
2019,4
Bartomeu,4
dream,4
major,4
‚ò†,4
lost,4
de,4
@av_bagged,4
seem,4
per,4
2020,4
City,4
wanna,4
chelsea,4
Dor,4
useless,4
Maturity,4
reality,4
compared,4
party,4
@TMForever30,4
clown,4
üòÖ,4
‚ÅÉ,4
paid,4
Exactly,4
@insomniac2jz,4
Still,4
daily,4
penaldo,4
Dembele,4
10s,4
must,4
Mf,4
follow,4
Some,4
@MinhQuanRM,4
cup,4
Good,4
Follow,4
couldn't,4
@ChampionsLeague,4
Yeah,4
fraud,4
@k_sibi_12,4
doesnt,4
such,4
dumb,4
fc,4
opinion,4
Manchester,4
mentioned,4
These,4
likes,4
21,4
match,4
Henry,4
Non,4
place,4
Laporta's,4
@soulsonicc,4
down,4
@Case14i,4
having,4
@tuecrf,4
forget,4
@shivanshfcbm,4
kept,4
continue,4
humble,4
CAM,4
appreciate,4
thats,4
July,4
front,4
home,4
anymore,4
expected,4
finances,4
boot,4
willing,4
Juve,4
dor,4
13,4
talks,4
cause,4
$,4
prove,4
numbers,4
dont,4
2nd,4
ahead,4
Nobody,4
wage,4
contribute,4
@Utd_Arnav,4
Assist,4
insane,4
mate,4
list,4
vote,4
ramos,4
confirms,4
fault,4
watching,4
betting,4
performance,4
@jones_active,4
type,4
üî¥,4
@Cristiano,4
else,4
finals,4
@,4
Don't,4
rather,4
At,4
inside,4
ten,4
saving,4
mean,4
relationship,4
similar,4
joke,4
lewa,4
LIONEL,4
gone,4
decade,4
rate,4
Have,4
set,4
@totalcristiano,4
2017,4
Do,4
cos,4
bring,4
single,4
@Kelvin_Utd,4
wing,4
CL,4
spend,4
@MessiMX30i,4
award,4
LESS,4
often,4
speaks,4
@AryanFCBFC,4
manage,4
coz,5
including,5
exit,5
accounts,5
struggle,5
others,5
shame,5
didn,5
Camp,5
bcz,5
@KattarReborn,5
minutes,5
Goals,5
Can't,5
üèª,5
Argentine,5
49,5
copa,5
shirt,5
Maria,5
For,5
change,5
wages,5
CR7,5
insists,5
due,5
moment,5
Because,5
Tournament,5
‚ôÇ,5
training,5
Is,5
clearly,5
she,5
ws,5
lmao,5
run,5
Nou,5
ass,5
slandering,5
link,5
Will,5
please,5
pitch,5
young,5
@ranny_ft,5
night,5
30,5
Your,5
wonder,5
ü§∑,5
finally,5
Kane,5
stupid,5
board,5
soccer,5
higher,5
achieved,5
@sujoy_pritam,5
Font,5
seems,5
FIFA,5
@expert_messi,5
media,5
Im,5
fact,5
until,5
let,5
probably,5
meant,5
@KiranUTD,5
mention,5
struggling,5
expect,5
@UTDTrey,5
fuck,5
technical,5
CR,5
50m,5
di,5
gotta,5
üíØ,5
style,5
___,5
true,5
class,5
#News,5
trophy,5
together,5
matches,5
@BayernLM10,5
itw,5
manager,5
friends,5
Xavi,5
#messi,5
deserved,5
politics,5
coming,5
trophies,5
gave,5
riqui,5
eibers,5
seasons,5
laliga,5
bagged,5
hv,5
based,5
@TimelineCR7,5
ready,5
Can,5
Ney,5
break,5
mf,5
saw,5
Yes,5
easy,5
realising,5
@BarcaUniversal,5
crazy,5
thinks,5
@Cule_Cul2_B,5
Where,5
full,5
during,5
Joan,5
record,5
thinking,5
@EdwinJacob_11,5
shots,5
NOT,5
Aguero,5
re,6
34,6
though,6
move,6
little,6
fucking,6
news,6
pass,6
Bayern,6
Man,6
],6
üèΩ,6
found,6
today,6
[,6
position,6
city,6
poch,6
Lol,6
@Nigerianscamsss,6
r,6
side,6
üèÜ,6
Eats,6
exactly,6
ü§°,6
support,6
wait,6
THE,6
Juventus,6
Also,6
IS,6
|,6
sporting,6
mind,6
once,6
its,6
Madrid,6
cant,6
combined,6
‚Äç,6
tweet,6
brilliance,6
tho,6
clubs,6
bench,6
least,6
That's,6
getting,6
cares,6
champions,6
Bro,6
reason,6
high,6
happened,6
Lewa,6
ucl,6
called,6
honest,6
crossed,6
number,6
loves,6
new,6
help,6
hated,6
Best,6
slams,6
cut,6
work,6
comparing,6
Chelsea,6
14,6
27,6
Player,6
@TotalMessi10i,6
100,6
guys,6
@zydenawabi10,6
Lille,6
straight,6
allez,6
8,6
striker,6
till,6
find,6
Look,6
After,6
üó£,6
took,6
goes,6
robbed,6
forward,6
More,6
something,6
idol,6
talent,6
mbappe,7
ain't,7
comes,7
ll,7
retiring,7
thought,7
@Nightmonkey828,7
life,7
golden,7
case,7
needs,7
performances,7
prime,7
himself,7
contract,7
use,7
tell,7
@BradyBucGoat,7
suarez,7
name,7
He's,7
@Sharym7iiiiii,7
trying,7
ratio,7
happy,7
Salah,7
@FvBarcelona,7
live,7
rest,7
knew,7
Now,7
used,7
problem,7
MOTM,7
behind,7
alone,7
situation,7
utd,7
@BarcaTimes,7
sport,7
@desigrizzly,7
half,7
D,7
truth,7
@MischiefRonnie,7
certain,7
coach,7
difference,7
days,7
instead,7
might,7
üëç,7
ain,7
ur,7
months,7
O,7
focus,7
video,7
xavi,7
@SaberDesfa,7
üá¶,7
T,7
unique,7
wouldn't,7
long,7
actually,7
through,7
themselves,7
etc,7
talk,8
legend,8
told,8
@PSG_English,8
crying,8
possible,8
#,8
far,8
slander,8
already,8
Opta,8
campaign,8
teams,8
nothing,8
ask,8
@Narek_RMA1,8
worse,8
When,8
*,8
ve,8
hard,8
makes,8
dey,8
Uber,8
pay,8
Ramos,8
#PSG,8
kid,8
@tjuanmarti,8
guy,8
career,8
Who,8
gets,8
I'd,8
everyone,8
40,8
went,8
stop,8
United,8
money,8
someone,8
Goal,8
Argentina,8
ü§Ø,8
boots,8
around,8
under,8
yet,8
sure,8
There,8
winner,9
anyone,9
all-time,9
another,9
blame,9
Or,9
üî•,9
Only,9
hurt,9
@BlancoLottin,9
almost,9
10,9
Poch,9
whole,9
stay,9
signed,9
Give,9
@shane70707,9
@s__avvy,9
lot,9
@Leslley20,9
ligue,9
times,9
2018,9
üíÄ,9
director,9
easily,9
#LM7,9
came,9
made,9
right,9
liga,9
own,9
great,9
interview,9
One,9
form,9
hope,9
level,10
very,10
9,10
off,10
Just,10
isn,10
Assists,10
@_Kay_RM,10
into,10
doing,10
vs,10
seen,10
üá∑,10
role,10
isn't,10
watch,10
next,10
keep,10
@breathMessi21,10
it's,10
Sancho,10
Pique,10
happen,10
üòç,10
before,10
U,10
salary,10
favorite,10
wins,10
here,10
stage,10
believe,10
week,10
point,10
via,10
words,10
His,10
real,10
going,10
close,10
@UgwunnaEjikem,10
bigger,10
50,10
able,11
since,11
My,11
that's,11
matter,11
group,11
need,11
fake,11
those,11
stats,11
agree,11
understand,11
@rmafanyestoesl,11
@destroooo_,11
Not,11
which,11
score,11
‚ù§,11
put,12
la,12
everything,12
In,12
#Wizkid,12
All,12
start,12
despite,12
@BarcaWorldwide,12
different,12
come,12
@HariFCMessi,12
d'or,12
gonna,12
It's,12
Suarez,12
#Davido,12
laporta,12
7th,12
away,12
two,12
done,12
Cristiano,12
m,12
knows,12
where,12
give,12
wouldn,12
between,12
Benzema,12
I'm,12
bad,12
am,13
To,13
debate,13
neymar,13
@KieranCFC88,13
Mbappe,13
pique,13
La,13
FC,13
thing,13
talking,13
ft,13
‚Äì,13
deserve,13
#BBnaija,13
Paris,13
end,13
take,13
leave,14
Liga,14
America,14
care,14
well,14
4,14
first,14
president,14
How,14
big,14
g,14
history,14
wanted,14
again,14
@TotalMaestro,14
world,14
became,14
@Youssef51307395,14
Even,14
our,14
@easyWsOnly,14
@mateopasagali,14
really,15
individual,15
plays,15
@ClubDelSiglo,15
@edsonsa79718631,15
2016,15
6,15
always,15
%,15
‚Äò,15
over,15
@SelecaoTalk,15
hate,15
Ligue,15
Champions,15
@starsalki,15
every,15
biggest,15
lol,15
deserves,15
assists,15
PR,16
..,16
@MessiIizer,16
some,16
he's,16
@FabrizioRomano,16
many,16
@FCBDynamite_,16
bro,16
doesn,16
@ESPNFC,17
But,17
7,17
says,17
World,17
Cup,17
Copa,17
+,17
awards,17
day,18
look,18
Why,18
last,18
while,18
us,18
League,18
years,18
‚Äù,18
literally,18
finished,18
winning,19
make,19
ever,19
UCL,19
>,19
This,19
asked,19
‚Ä¶,19
barca,19
Leo,19
wants,19
0,19
Lewandowski,19
They,19
were,20
ballon,20
3,20
MESSI,20
saying,20
That,20
left,20
being,20
both,20
want,20
ball,21
d'Or,21
What,21
psg,21
these,21
things,21
an,22
2021,22
G,22
way,22
don,22
‚Äú,22
does,22
much,23
also,23
didn't,23
scorer,24
games,24
season,24
without,24
see,24
We,24
go,24
most,24
man,25
ü§£,25
doesn't,25
shit,25
now,25
u,25
there,25
game,25
them,26
@CrewsMat10,26
should,26
5,26
No,26
love,26
why,27
say,27
@sport,27
could,27
@TeamMessi,27
@honest_messi,27
2,27
Laporta,28
scored,28
Messi's,28
football,28
Ô∏è,28
been,28
played,28
&,28
',28
from,28
d,29
@messi_,29
ed,29
can't,29
So,29
return,29
i,29
ronaldo,29
And,29
A,30
against,30
people,30
get,30
Neymar,30
It,31
any,31
said,31
never,31
fan,31
too,31
other,32
good,32
@FCBarcelona,32
year,33
their,33
goal,34
#Messi,35
how,35
same,35
‚úÖ,35
@PSGhub,36
You,37
playing,37
know,37
won,37
If,38
one,38
no,38
fans,38
because,39
by,39
your,39
team,39
got,39
after,40
only,40
players,40
out,41
@goal,41
club,41
/,42
my,42
don't,42
still,42
back,43
who,44
top,44
1,45
did,45
had,46
Ballon,46
then,46
do,47
we,47
...,48
free,49
Barca,50
The,50
He,51
PSG,52
league,53
better,53
what,56
up,57
just,57
win,57
think,59
me,60
even,60
if,62
best,63
goals,63
so,65
or,65
would,65
when,66
Barcelona,67
),71
üò≠,71
can,72
(,73
play,73
like,74
-,74
they,76
more,77
about,79
üòÇ,82
will,83
:,84
Lionel,85
than,90
!,94
"""",95
at,98
are,98
t,100
s,102
Ronaldo,103
has,104
him,104
have,104
this,105
as,108
but,112
not,118
on,123
greatest,124
with,125
be,126
was,139
his,142
?,145
it,146
you,151
time,156
player,166
all,189
that,205
messi,216
for,218
I,241
‚Äô,279
he,297
in,312
a,331
of,345
is,372
and,419
to,482
",",574
the,634
Messi,812
.,849
